cluster_id,hits,hit_rate,birth,death,persistence,robust
0,199,0.995,2.556105526232276,7.725047384339162,5.168941858106886,True
3,123,0.615,1.993673750259334,7.502815234302963,5.509141484043629,True
1,77,0.385,3.570277228412858,8.133859752172446,4.563582523759589,True
2,31,0.155,3.139026906039264,7.753544962083971,4.614518056044707,True
6,2,0.01,4.405292510986328,8.755768775939941,4.350476264953613,False
4,2,0.01,4.108425498008728,8.222811222076416,4.114385724067688,False
5,1,0.005,2.640662431716919,7.32100772857666,4.680345296859741,False
