cluster_id,hits,hit_rate,birth,death,persistence,robust
0,190,0.95,3.0561684183099054,11.164202310822226,8.10803389251232,True
1,178,0.89,3.9594326439476513,11.448205238222764,7.4887725942751135,True
4,120,0.6,2.1834551777158464,11.014360501652671,8.830905323936825,True
3,80,0.4,1.0652588605880737,10.95250836610794,9.887249505519867,True
2,47,0.235,4.8819354602268765,11.885253853850312,7.003318393623436,True
5,5,0.025,5.743006229400635,12.31649915377299,6.573492924372355,False
7,2,0.01,6.612687587738037,12.801227569580078,6.188539981842041,False
6,1,0.005,5.495872974395752,11.739356994628906,6.243484020233154,False
