cluster_id,hits,hit_rate,birth,death,persistence,robust
1,200,1.0,1.3683612732326282,3.390341386044314,2.021980112811686,True
0,174,0.87,0.9686039565615572,3.220054815614844,2.2514508590532865,True
2,49,0.245,1.6605621566120377,3.4386277076525564,1.778065551040519,True
4,16,0.08,1.3489863119627301,3.110942100223742,1.761955788261012,True
3,10,0.05,0.9362759441137314,3.4420525630315146,2.5057766189177832,True
5,4,0.02,1.8581793308258057,3.578194737434387,1.7200154066085815,False
