,V1,V2,V3,V4,PIT,PH,STSva,MT,LO2
V1,1.0,0.639266186043862,0.5639572559172332,0.40081285753767126,0.23971764668123763,0.17489515082557605,0.04680439094597488,0.11852659749808725,0.24513163444841202
V2,0.6392661860438619,1.0,0.735875850180693,0.5470730554443668,0.3293477343831037,0.19046062010510345,0.08312383546715862,0.1871376539031092,0.3641329974877854
V3,0.5639572559172332,0.7358758501806929,1.0,0.7920127635359883,0.5348583480187052,0.3130239088911033,0.07977259005172255,0.16388985442137405,0.46679557226693624
V4,0.40081285753767126,0.5470730554443668,0.7920127635359883,1.0,0.5879950726202395,0.4473340037258048,0.07253567537077121,0.1355951075695414,0.6424246774832488
PIT,0.23971764668123763,0.3293477343831037,0.5348583480187052,0.5879950726202395,1.0,0.4114666663189246,0.04501823735686494,0.23849173973414817,0.4977827190778542
PH,0.17489515082557594,0.19046062010510345,0.3130239088911033,0.4473340037258048,0.4114666663189246,1.0,0.07060951727206399,0.16819370961441382,0.4176027402090927
STSva,0.04680439094597488,0.08312383546715862,0.07977259005172266,0.07253567537077121,0.04501823735686494,0.07060951727206399,1.0,0.021056730470212948,0.05127281193690003
MT,0.11852659749808725,0.1871376539031092,0.16388985442137405,0.1355951075695414,0.23849173973414817,0.16819370961441382,0.021056730470212948,1.0,0.19880965172742004
LO2,0.24513163444841202,0.36413299748778527,0.46679557226693624,0.6424246774832488,0.4977827190778542,0.4176027402090927,0.05127281193690003,0.19880965172742004,1.0
