,V1,V2,V3,V4,PIT,PH,STSva,MT,LO2
V1,1.0,0.59010067508661,0.5585641002640521,0.4158353369731872,0.23256570971634316,0.1669223859781397,0.0438495768118391,0.06433401091374458,0.24558697677284846
V2,0.5901006750866099,1.0,0.7504729773553199,0.5836089457973991,0.3894662036032712,0.22569732312450896,0.11576086278448461,0.09594687148180148,0.40888629897608963
V3,0.5585641002640521,0.7504729773553199,1.0,0.80995390801128,0.6116314251343804,0.3301753396034006,0.06343730618589305,0.08807255326282915,0.491523475401372
V4,0.4158353369731872,0.5836089457973991,0.80995390801128,1.0,0.6027148394457117,0.46924473022112767,0.061798374869924344,0.08968622289438444,0.6697855232613006
PIT,0.23256570971634316,0.3894662036032712,0.6116314251343805,0.6027148394457117,1.0,0.444543202541665,0.020682764575578827,0.23668108906561047,0.4467715183622947
PH,0.1669223859781397,0.22569732312450896,0.3301753396034006,0.46924473022112767,0.44454320254166513,1.0,0.03789402819193399,0.1766973289093996,0.3807778615950913
STSva,0.0438495768118391,0.11576086278448461,0.06343730618589305,0.061798374869924344,0.020682764575578827,0.03789402819193399,1.0,0.009991989598431616,0.02782443744300578
MT,0.06433401091374458,0.09594687148180148,0.08807255326282915,0.08968622289438433,0.23668108906561047,0.1766973289093996,0.009991989598431616,1.0,0.13063261639141865
LO2,0.24558697677284846,0.40888629897608963,0.49152347540137187,0.6697855232613006,0.4467715183622947,0.3807778615950914,0.02782443744300578,0.13063261639141865,1.0
