cluster_id,hits,hit_rate,birth,death,persistence,robust
0,199,0.995,3.2111987529967014,9.669132428911894,6.457933675915192,True
2,121,0.605,2.3409705473029097,9.585460704305898,7.244490157002988,True
1,93,0.465,3.9531163984053843,9.832670318113792,5.879553919708407,True
3,7,0.035,4.54838842815823,10.131596883138021,5.583208454979791,False
