{
  "subject": 5,
  "roi": "V1",
  "n_nodes": 609,
  "strict_version": "STRICT2",
  "input_file": "D:\\Emily\\NSD_cogsci_sandbox\\COGS401\\COSYNE\\RDMs_Final\\subjects\\subj05\\ROI-V1_crossnobis_STRICT2_sessionSplit_raw.npy",
  "shift_added_to_make_nonnegative": 13.37098814647062,
  "maxdist_thresh": null,
  "H0": {
    "n": 609,
    "n_finite": 608,
    "max_persistence": 11.891164779663086,
    "median_persistence": 9.422817707061768
  },
  "H1": {
    "n": 7447,
    "n_finite": 7447,
    "max_persistence": 7.678346395492554,
    "median_persistence": 0.6767358779907227
  },
  "H2": {
    "n": 30021,
    "n_finite": 30021,
    "max_persistence": 1.6942272186279297,
    "median_persistence": 0.15375041961669922
  }
}