cluster_id,hits,hit_rate,birth,death,persistence,robust
0,199,0.995,2.2500343833813825,8.696714773588774,6.4466803902073915,True
2,183,0.915,1.4049412824333851,8.369965102353985,6.9650238199206,True
1,87,0.435,3.0568288293751804,9.034811384750135,5.977982555374955,True
3,7,0.035,3.6648565769195556,9.205688762664796,5.54083218574524,False
