,V1,V2,V3,V4,PIT,PH,STSva,MT,LO2
V1,1.0,0.6963237262980841,0.5699375095327114,0.3119169541652502,0.12751843177386857,0.16755809092924723,0.05765890086865,0.07097830142842398,0.18117150257632564
V2,0.6963237262980841,1.0,0.8431006955949443,0.4508715785000452,0.15443800299743227,0.12691933487655038,-0.01703631270813144,0.011408927840627414,0.18231153742689832
V3,0.5699375095327114,0.8431006955949443,1.0,0.5953634033748275,0.32652433525564384,0.23715271756096423,-0.01075123569223524,0.007795515596370706,0.34304390826297815
V4,0.3119169541652502,0.4508715785000452,0.5953634033748275,1.0,0.5038666159576354,0.43635595897312385,0.012483789553748514,0.036588672882598816,0.5460348303119685
PIT,0.12751843177386857,0.15443800299743227,0.32652433525564384,0.5038666159576354,1.0,0.5458212137121049,0.028424445819716926,0.19442450115247878,0.6323304622028748
PH,0.16755809092924723,0.12691933487655038,0.23715271756096423,0.43635595897312385,0.5458212137121049,1.0,0.051272622652144495,0.38451286643910443,0.6013060397171025
STSva,0.05765890086865,-0.01703631270813144,-0.01075123569223524,0.012483789553748514,0.028424445819716926,0.051272622652144495,1.0,0.07123269469289484,0.046121028894599236
MT,0.07097830142842398,0.011408927840627414,0.007795515596370706,0.036588672882598816,0.19442450115247878,0.38451286643910443,0.07123269469289484,1.0,0.1345048476765558
LO2,0.18117150257632564,0.18231153742689832,0.34304390826297815,0.5460348303119684,0.6323304622028748,0.6013060397171025,0.046121028894599236,0.1345048476765558,1.0
