,V1,V2,V3,V4,PIT,PH,STSva,MT,LO2
V1,1.0,0.7354126590360979,0.6155047846231844,0.3926054713034036,0.16085455007783078,0.17751429108538042,0.07040977152884642,0.11697785939373617,0.16986524791419821
V2,0.735412659036098,1.0,0.8414509333577836,0.47526807615462663,0.1676874550146974,0.15198986373651557,0.030615170840707417,0.07342652510124337,0.18078031786985482
V3,0.6155047846231844,0.8414509333577836,1.0,0.6051341101784619,0.32025633791178065,0.21920527500686948,0.002968631146790135,0.0727941118385842,0.325930136148079
V4,0.3926054713034036,0.47526807615462663,0.6051341101784619,1.0,0.4903626059742827,0.41494973480835873,-0.0010366847800518109,0.0919289907612304,0.5107771894490966
PIT,0.16085455007783078,0.1676874550146974,0.32025633791178065,0.4903626059742827,1.0,0.5752317941442107,-0.010432732002152223,0.171389431890957,0.6655642797904473
PH,0.17751429108538042,0.15198986373651557,0.21920527500686948,0.41494973480835873,0.5752317941442107,1.0,-0.008149132964053951,0.3227530679345382,0.5698078061023487
STSva,0.07040977152884642,0.030615170840707417,0.002968631146790135,-0.0010366847800518109,-0.010432732002152223,-0.008149132964053951,1.0,0.03727391816257741,-0.009651628110463939
MT,0.11697785939373617,0.07342652510124337,0.0727941118385842,0.0919289907612304,0.171389431890957,0.3227530679345382,0.03727391816257741,1.0,0.12528515267771456
LO2,0.1698652479141981,0.18078031786985482,0.3259301361480791,0.5107771894490966,0.6655642797904473,0.5698078061023487,-0.009651628110463939,0.12528515267771456,1.0
