,V1,V2,V3,V4,PIT,PH,STSva,MT,LO2
V1,1.0,0.8184621328437206,0.6883115531218945,0.41708570485585605,0.245951622390278,0.1770148553031956,0.1828409981503074,0.4130672522576919,0.27728659415774004
V2,0.8184621328437206,1.0,0.8244947390467114,0.525934972746964,0.31136100616507356,0.18494401314428877,0.23315624825697123,0.44264656564701177,0.3732682195154804
V3,0.6883115531218944,0.8244947390467113,1.0,0.7365839053037596,0.35910398449258074,0.2252973375916183,0.14051681737851895,0.4272596618573985,0.46023937420566163
V4,0.41708570485585605,0.525934972746964,0.7365839053037595,1.0,0.513276757082427,0.32987525834090636,0.06561232113858739,0.31864096171426615,0.542214516873909
PIT,0.245951622390278,0.31136100616507356,0.35910398449258074,0.513276757082427,1.0,0.24526510110201127,0.04947095943850399,0.13453363371396065,0.5610393637280032
PH,0.1770148553031955,0.18494401314428877,0.2252973375916183,0.32987525834090636,0.24526510110201127,1.0,0.0811774216394684,0.26396668115641253,0.35798665559878384
STSva,0.1828409981503074,0.23315624825697123,0.14051681737851895,0.06561232113858739,0.04947095943850399,0.0811774216394684,1.0,0.16917375363850085,0.060501478721657787
MT,0.4130672522576919,0.44264656564701177,0.4272596618573985,0.31864096171426626,0.13453363371396065,0.26396668115641253,0.16917375363850085,1.0,0.22306139333169994
LO2,0.27728659415774004,0.3732682195154805,0.46023937420566163,0.5422145168739091,0.5610393637280031,0.35798665559878384,0.060501478721657787,0.22306139333170005,1.0
