,V1,V2,V3,V4,PIT,PH,STSva,MT,LO2
V1,1.0,0.8054052317082852,0.6827382576311967,0.43285693193806296,0.22480184054292685,0.1059009838396634,0.030482019828278917,0.372136511308105,0.26325780047239444
V2,0.8054052317082852,1.0,0.8225794687001178,0.49907220894496485,0.3097302514594191,0.17733960415244399,0.07063441459092812,0.36577441720030235,0.4121689713351633
V3,0.6827382576311967,0.8225794687001178,1.0,0.723728743590809,0.35190938745382505,0.20759886937215266,0.07755927112688088,0.35047944713864043,0.5111344252477336
V4,0.43285693193806296,0.49907220894496485,0.723728743590809,1.0,0.5220050307124652,0.3331119111284604,0.05867283449479288,0.29527055789483714,0.5509365130685743
PIT,0.22480184054292685,0.309730251459419,0.35190938745382505,0.5220050307124652,1.0,0.2681258076866443,0.05678486173758546,0.18402855801731088,0.5342902307700805
PH,0.1059009838396634,0.17733960415244399,0.20759886937215266,0.3331119111284604,0.2681258076866443,1.0,0.06124140019355517,0.24393450531791916,0.3654309625367579
STSva,0.030482019828278917,0.07063441459092812,0.07755927112688088,0.05867283449479288,0.05678486173758546,0.06124140019355517,1.0,0.07237745589666855,0.06592780109670193
MT,0.372136511308105,0.36577441720030246,0.35047944713864043,0.29527055789483714,0.18402855801731088,0.24393450531791916,0.07237745589666855,1.0,0.15964369250870625
LO2,0.26325780047239444,0.4121689713351633,0.5111344252477336,0.5509365130685743,0.5342902307700804,0.3654309625367579,0.06592780109670193,0.15964369250870625,1.0
