cluster_id,hits,hit_rate,birth,death,persistence,robust
1,196,0.98,4.321040587443883,10.529355828734078,6.208315241290196,True
0,173,0.865,2.9256863324766975,10.05122357886028,7.125537246383583,True
2,112,0.56,5.190679797976036,10.89801928377527,5.707339485799234,True
4,108,0.54,3.582430362701416,10.482225771303531,6.899795408602114,True
3,83,0.415,1.3093959093093872,9.933063219828778,8.62366731051939,True
5,36,0.18,6.065061156814163,11.826471431835278,5.761410275021115,True
6,11,0.055,5.945006370544434,11.077605786530867,5.1325994159864345,True
7,2,0.01,4.861881256103516,10.32638168334961,5.464500427246094,False
