,V1,V2,V3,V4,PIT,PH,STSva,MT,LO2
V1,1.0,,,,,,,,
V2,,1.0,,,,,,,
V3,,,1.0,0.6020097737997492,0.3540166754638512,0.1742444359292603,0.10137361587324811,0.388264211400569,0.4512884372359116
V4,,,0.6020097737997493,1.0,0.5322378986049873,0.17068773791915204,0.035475437325482195,0.11853014652120286,0.518272220514789
PIT,,,0.3540166754638512,0.5322378986049873,1.0,0.427853612057417,0.10038983875498042,0.14656564510201675,0.6568619077609453
PH,,,0.1742444359292603,0.17068773791915204,0.427853612057417,1.0,0.10697794701222774,0.13094265897232926,0.4168243338768396
STSva,,,0.10137361587324811,0.035475437325482195,0.10038983875498042,0.10697794701222774,1.0,0.11015439672231553,0.050641626040214605
MT,,,0.388264211400569,0.11853014652120286,0.14656564510201675,0.13094265897232926,0.11015439672231553,1.0,0.1453167576131561
LO2,,,0.4512884372359116,0.5182722205147889,0.6568619077609453,0.4168243338768395,0.050641626040214605,0.1453167576131561,1.0
