,V1,V2,V3,V4,PIT,PH,STSva,MT,LO2
V1,1.0,,,,,,,,
V2,,1.0,,,,,,,
V3,,,1.0,0.6295644306785599,0.4283131103024388,0.2146589776604768,0.06467819359089155,0.37343825608973713,0.4328719044384841
V4,,,0.6295644306785599,1.0,0.6364678711592309,0.31043771399224185,0.0226386472710417,0.16532842403495318,0.5893539819563626
PIT,,,0.4283131103024388,0.6364678711592309,1.0,0.440853457475441,0.028826047570966185,0.1302354491339306,0.7330019924994319
PH,,,0.2146589776604768,0.31043771399224185,0.440853457475441,1.0,0.06874804978348537,0.1342728218457543,0.45010237647936213
STSva,,,0.06467819359089155,0.0226386472710417,0.028826047570966185,0.06874804978348537,1.0,0.09282334803103909,0.027716798286071542
MT,,,0.37343825608973713,0.1653284240349533,0.1302354491339306,0.1342728218457543,0.09282334803103909,1.0,0.1723886857355359
LO2,,,0.4328719044384841,0.5893539819563627,0.7330019924994319,0.45010237647936213,0.027716798286071542,0.1723886857355359,1.0
