cluster_id,hits,hit_rate,birth,death,persistence,robust
0,198,0.99,2.2750340455037126,8.01552558358694,5.740491538083228,True
2,151,0.755,1.368314708922019,7.753172823902575,6.384858114980556,True
1,138,0.69,2.959385110316161,8.12354831716609,5.1641632068499295,True
4,17,0.085,3.612599160936144,8.320497075716654,4.707897914780511,True
5,11,0.055,2.7476723194122314,7.614607095718384,4.866934776306152,True
3,1,0.005,1.9673271179199219,7.745233058929443,5.7779059410095215,False
7,1,0.005,2.244790554046631,7.012911319732666,4.768120765686035,False
6,1,0.005,4.257719357808431,8.495846112569174,4.238126754760742,False
