cluster_id,hits,hit_rate,birth,death,persistence,robust
1,174,0.87,4.043900795248208,9.853583620722087,5.80968282547388,True
0,158,0.79,3.2247414756239507,9.590079876414517,6.365338400790566,True
2,124,0.62,4.919807609109317,9.931200696159811,5.011393087050494,True
5,91,0.455,1.701545238494873,9.124853909670652,7.4233086711757785,True
3,56,0.28,5.5276681367088765,10.159498820585362,4.631830683876486,True
7,45,0.225,2.5878360271453857,9.443255805969239,6.855419778823853,True
6,27,0.135,4.234428882598877,9.160839080810547,4.92641019821167,True
4,21,0.105,6.093834400177002,10.39450394588968,4.300669545712679,True
