{
  "subject": 3,
  "roi": "STSva",
  "n_nodes": 609,
  "strict_version": "STRICT2",
  "input_file": "D:\\Emily\\NSD_cogsci_sandbox\\COGS401\\COSYNE\\RDMs_Final\\subjects\\subj03\\ROI-STSva_crossnobis_STRICT2_sessionSplit_raw.npy",
  "shift_added_to_make_nonnegative": 7.836782456444336,
  "maxdist_thresh": null,
  "H0": {
    "n": 609,
    "n_finite": 608,
    "max_persistence": 6.892678260803223,
    "median_persistence": 5.460029363632202
  },
  "H1": {
    "n": 7907,
    "n_finite": 7907,
    "max_persistence": 3.69927978515625,
    "median_persistence": 0.40644264221191406
  },
  "H2": {
    "n": 18359,
    "n_finite": 18359,
    "max_persistence": 0.7632026672363281,
    "median_persistence": 0.08308649063110352
  }
}