cluster_id,hits,hit_rate,birth,death,persistence,robust
0,199,0.995,6.337221258664986,11.760650229485703,5.423428970820717,True
2,143,0.715,5.602593300293903,11.513685065872815,5.911091765578912,True
3,79,0.395,4.825232982635498,11.402498607394062,6.577265624758564,True
1,65,0.325,7.089210347431462,11.918712499665052,4.829502152233589,True
4,8,0.04,7.727063395760276,12.275183244185014,4.548119848424738,False
5,2,0.01,6.824174404144287,12.451004028320312,5.626829624176025,False
6,1,0.005,6.9472455978393555,11.345524787902832,4.398279190063477,False
