cluster_id,hits,hit_rate,birth,death,persistence,robust
1,192,0.96,2.7821323320186337,7.822832083036114,5.04069975101748,True
2,183,0.915,3.3203199327180064,7.966134367681076,4.64581443496307,True
0,117,0.585,1.716770967067276,7.4809960396908926,5.764225072623616,True
3,82,0.41,3.9774494431762077,8.164451498734323,4.187002055558116,True
4,13,0.065,4.524952073891957,8.295435150464376,3.770483076572418,True
5,12,0.06,3.255382537841797,7.526154518127441,4.2707719802856445,True
6,5,0.025,3.7181999683380127,7.661441326141357,3.9432413578033447,False
7,2,0.01,4.854792833328247,8.874085426330566,4.019292593002319,False
