cluster_id,hits,hit_rate,birth,death,persistence,robust
1,197,0.985,3.123348992057825,9.684469885780015,6.56112089372219,True
2,160,0.8,3.6244556190898116,9.703448069674298,6.078992450584486,True
0,156,0.78,2.5276638877312867,9.55051115490743,7.022847267176142,False
4,75,0.375,2.0328056812286377,9.570932757059733,7.538127075831095,False
3,69,0.345,4.047468543052673,9.875560568524646,5.828092025471972,False
7,15,0.075,4.467645724614461,10.1420349544949,5.674389229880439,False
6,1,0.005,2.987959861755371,10.005608558654785,7.017648696899414,False
5,1,0.005,4.050927400588989,9.580137729644775,5.529210329055786,False
8,1,0.005,4.395891189575195,9.795235633850098,5.399344444274902,False
