cluster_id,hits,hit_rate,birth,death,persistence,robust
1,198,0.99,5.271475607538458,10.383216840684511,5.111741233146054,True
2,164,0.82,6.020575081078819,10.553960433668294,4.533385352589475,True
5,88,0.44,4.679235935211182,10.290596225044943,5.611360289833763,True
0,77,0.385,3.785710573196411,10.212218705709878,6.426508132513467,True
3,50,0.25,6.505552310754757,10.77846894405856,4.272916633303803,True
6,14,0.07,5.928158760070801,10.051512718200684,4.123353958129883,True
4,3,0.015,6.843780159950256,10.868906736373901,4.025126576423645,False
