,V1,V2,V3,V4,PIT,PH,STSva,MT,LO2
V1,1.0,,,,,,,,
V2,,1.0,0.8450583406742707,0.6407488877886969,0.47264536668733603,0.3281749902669935,0.16819326325486383,0.6430251296686434,0.4356779112585294
V3,,0.8450583406742707,1.0,0.8575113170172227,0.5652713764805913,0.32710029328773027,0.10111564175989374,0.5855012415675203,0.5421922828945939
V4,,0.6407488877886968,0.8575113170172227,1.0,0.6750358672995218,0.3316321042903413,0.06574180214785097,0.4620603555079006,0.5988272610093752
PIT,,0.47264536668733603,0.5652713764805913,0.6750358672995217,1.0,0.38735527243468626,0.07141511263228195,0.4045367862442304,0.6211154484978679
PH,,0.3281749902669935,0.32710029328773027,0.3316321042903412,0.38735527243468626,1.0,0.07271455996288212,0.2525873019212229,0.2697033363200434
STSva,,0.16819326325486383,0.10111564175989374,0.06574180214785097,0.07141511263228195,0.07271455996288212,1.0,0.13937634896863438,0.06453293332988175
MT,,0.6430251296686434,0.5855012415675203,0.4620603555079006,0.4045367862442304,0.2525873019212229,0.13937634896863438,1.0,0.5324950216386753
LO2,,0.4356779112585294,0.5421922828945939,0.5988272610093752,0.621115448497868,0.2697033363200434,0.06453293332988175,0.5324950216386755,1.0
