,V1,V2,V3,V4,PIT,PH,STSva,MT,LO2
V1,1.0,,,,,,,,
V2,,1.0,0.8387311104324608,0.5707218307116295,0.4073798279989469,0.32238148711324377,0.2156765208272522,0.5868123201801013,0.3523846407229332
V3,,0.8387311104324608,1.0,0.8257889232582012,0.5265439853344027,0.3180650863622385,0.1496379106584229,0.5248276829994131,0.5048471456667
V4,,0.5707218307116295,0.8257889232582012,1.0,0.6161499220413771,0.281334938054405,0.0789838155768754,0.36087679868997247,0.5497833186116216
PIT,,0.4073798279989469,0.5265439853344027,0.616149922041377,1.0,0.4081064757721471,0.09373580251539404,0.3143057719934974,0.5519800314746156
PH,,0.32238148711324377,0.3180650863622385,0.281334938054405,0.4081064757721471,1.0,0.12794266223257478,0.21031347801956002,0.18877115382519394
STSva,,0.2156765208272522,0.14963791065842302,0.0789838155768754,0.09373580251539404,0.12794266223257478,1.0,0.08976460024374511,0.07279314910441459
MT,,0.5868123201801012,0.5248276829994131,0.36087679868997247,0.3143057719934974,0.21031347801956002,0.08976460024374511,1.0,0.4487593528304489
LO2,,0.3523846407229332,0.5048471456667,0.5497833186116216,0.5519800314746156,0.18877115382519394,0.07279314910441459,0.448759352830449,1.0
