{
  "subject": 4,
  "roi": "V2",
  "n_nodes": 609,
  "strict_version": "STRICT2",
  "input_file": "D:\\Emily\\NSD_cogsci_sandbox\\COGS401\\COSYNE\\RDMs_Final\\subjects\\subj04\\ROI-V2_crossnobis_STRICT2_sessionSplit_raw.npy",
  "shift_added_to_make_nonnegative": 13.11075508694513,
  "maxdist_thresh": null,
  "H0": {
    "n": 609,
    "n_finite": 608,
    "max_persistence": 11.663336753845215,
    "median_persistence": 9.097692489624023
  },
  "H1": {
    "n": 4279,
    "n_finite": 4279,
    "max_persistence": 6.866779088973999,
    "median_persistence": 0.5968952178955078
  },
  "H2": {
    "n": 13798,
    "n_finite": 13798,
    "max_persistence": 1.7309188842773438,
    "median_persistence": 0.15323925018310547
  }
}