cluster_id,hits,hit_rate,birth,death,persistence,robust
1,200,1.0,2.3622679886738402,7.767883799057062,5.405615810383222,True
0,124,0.62,1.2490103046099346,7.317195711036523,6.068185406426589,True
3,121,0.605,1.877832836151123,7.178870780944824,5.301037944793701,True
2,111,0.555,3.075131048907095,8.126467247507465,5.051336198600371,True
4,25,0.125,3.7611425364459,8.922061920166016,5.160919383720115,True
5,5,0.025,3.6295826775687083,8.2836058480399,4.654023170471191,False
7,1,0.005,2.394777774810791,7.127123832702637,4.732346057891846,False
6,1,0.005,2.990645170211792,7.55655574798584,4.565910577774048,False
