{
  "subject": 2,
  "roi": "V1",
  "n_nodes": 609,
  "strict_version": "STRICT2",
  "input_file": "D:\\Emily\\NSD_cogsci_sandbox\\COGS401\\COSYNE\\RDMs_Final\\subjects\\subj02\\ROI-V1_crossnobis_STRICT2_sessionSplit_raw.npy",
  "shift_added_to_make_nonnegative": 8.510231153176857,
  "maxdist_thresh": null,
  "H0": {
    "n": 609,
    "n_finite": 608,
    "max_persistence": 7.433596134185791,
    "median_persistence": 6.110120534896851
  },
  "H1": {
    "n": 540,
    "n_finite": 540,
    "max_persistence": 4.722670316696167,
    "median_persistence": 0.24846410751342773
  },
  "H2": {
    "n": 386,
    "n_finite": 386,
    "max_persistence": 0.9839754104614258,
    "median_persistence": 0.11096668243408203
  }
}