,V1,V2,V3,V4,PIT,PH,STSva,MT,LO2
V1,1.0,0.7457621175281614,0.5559268948315698,0.35072687966107097,0.3072517723990744,0.18907492825442396,0.09708530452802133,0.09074270812395979,0.25449553421796445
V2,0.7457621175281614,1.0,0.7217721557511595,0.5081289865910358,0.36876716445174196,0.16992862184149238,0.08047867556843202,0.12275684094667838,0.34292781605122746
V3,0.5559268948315697,0.7217721557511595,1.0,0.7446971924855282,0.46816848225710417,0.1668556342985964,0.06722444731847965,0.16247134141613384,0.4504935334847008
V4,0.35072687966107097,0.5081289865910359,0.7446971924855281,1.0,0.5961614914164155,0.23174120389483777,0.03941003668062337,0.14269678965449129,0.5808960266216755
PIT,0.3072517723990744,0.36876716445174207,0.46816848225710417,0.5961614914164154,1.0,0.23140962983353952,0.03291456653316471,0.09955410223221228,0.6408566099229724
PH,0.18907492825442385,0.16992862184149238,0.1668556342985963,0.23174120389483777,0.23140962983353952,1.0,0.030609477763967163,0.12127984395401814,0.3050547316730936
STSva,0.09708530452802133,0.08047867556843202,0.06722444731847965,0.03941003668062337,0.03291456653316471,0.030609477763967163,1.0,0.048324606396533465,0.02322811951120729
MT,0.09074270812395979,0.12275684094667838,0.16247134141613384,0.14269678965449129,0.09955410223221228,0.12127984395401814,0.048324606396533465,1.0,0.2731668446257073
LO2,0.25449553421796445,0.34292781605122746,0.4504935334847008,0.5808960266216755,0.6408566099229724,0.3050547316730936,0.02322811951120729,0.2731668446257073,1.0
