,V1,V2,V3,V4,PIT,PH,STSva,MT,LO2
V1,1.0,0.7470756964285115,0.45423117002212265,0.2962139712381243,0.19787045015353621,-0.0012890001339673773,0.05663336820800291,-0.018843556489203994,0.0744938561043782
V2,0.7470756964285115,1.0,0.6361113397654452,0.43496872116549556,0.23798638775889924,0.019797196568477227,0.06608021013185406,0.022714309637803187,0.14569541319382073
V3,0.45423117002212265,0.6361113397654452,1.0,0.6936612753336306,0.32503841434016145,0.026239520507183256,0.08308151413489329,0.04025137182516847,0.2728056327877988
V4,0.2962139712381242,0.4349687211654957,0.6936612753336306,1.0,0.54843759773214,0.22673020789356657,0.049922395641505135,0.052940905732229204,0.4874859367108456
PIT,0.19787045015353621,0.23798638775889924,0.32503841434016145,0.5484375977321398,1.0,0.26479768865634845,0.04713134115370876,0.05184899287678446,0.6301174110129322
PH,-0.0012890001339673773,0.019797196568477227,0.026239520507183256,0.22673020789356657,0.26479768865634856,1.0,0.009571096279664015,0.11910056093139121,0.3221561770891306
STSva,0.05663336820800291,0.06608021013185406,0.08308151413489329,0.049922395641505135,0.04713134115370876,0.009571096279664015,1.0,-0.09430490586799611,0.010857230572827725
MT,-0.018843556489203994,0.022714309637803187,0.04025137182516847,0.052940905732229204,0.05184899287678446,0.11910056093139121,-0.09430490586799611,1.0,0.21832675592239525
LO2,0.0744938561043782,0.14569541319382073,0.2728056327877988,0.4874859367108457,0.6301174110129322,0.3221561770891306,0.010857230572827725,0.21832675592239537,1.0
