cluster_id,hits,hit_rate,birth,death,persistence,robust
0,200,1.0,4.31805286465301,9.689265286909311,5.371212422256302,True
1,70,0.35,4.979050068815877,10.032860172681572,5.053810103865694,True
2,64,0.32,3.7217648652883675,9.579040908813477,5.8572760435251086,True
