{
  "subject": 2,
  "roi": "LO2",
  "n_nodes": 609,
  "strict_version": "STRICT2",
  "input_file": "D:\\Emily\\NSD_cogsci_sandbox\\COGS401\\COSYNE\\RDMs_Final\\subjects\\subj02\\ROI-LO2_crossnobis_STRICT2_sessionSplit_raw.npy",
  "shift_added_to_make_nonnegative": 19.22662389378412,
  "maxdist_thresh": null,
  "H0": {
    "n": 609,
    "n_finite": 608,
    "max_persistence": 17.064138412475586,
    "median_persistence": 14.79370403289795
  },
  "H1": {
    "n": 1639,
    "n_finite": 1639,
    "max_persistence": 13.296749114990234,
    "median_persistence": 0.5839920043945312
  },
  "H2": {
    "n": 4305,
    "n_finite": 4305,
    "max_persistence": 1.3985977172851562,
    "median_persistence": 0.14614295959472656
  }
}