{
  "subject": 1,
  "roi": "V3",
  "n_nodes": 609,
  "strict_version": "STRICT2",
  "input_file": "D:\\Emily\\NSD_cogsci_sandbox\\COGS401\\COSYNE\\RDMs_Final\\subjects\\subj01\\ROI-V3_crossnobis_STRICT2_sessionSplit_raw.npy",
  "shift_added_to_make_nonnegative": 10.593066335724426,
  "maxdist_thresh": null,
  "H0": {
    "n": 609,
    "n_finite": 608,
    "max_persistence": 9.324657440185547,
    "median_persistence": 7.271054983139038
  },
  "H1": {
    "n": 4374,
    "n_finite": 4374,
    "max_persistence": 5.300462007522583,
    "median_persistence": 0.44014596939086914
  },
  "H2": {
    "n": 8557,
    "n_finite": 8557,
    "max_persistence": 1.126068115234375,
    "median_persistence": 0.1013784408569336
  }
}