,V1,V2,V3,V4,PIT,PH,STSva,MT,LO2
V1,1.0,0.5949578729216858,0.5103585409748715,0.3634138227966498,0.15514685578407117,0.1416994292809166,0.019447303867064836,0.11165795958021951,0.20212888320619216
V2,0.5949578729216859,1.0,0.7272688868076714,0.41034976563074177,0.1462432262695914,0.09150405981851217,0.04416468046822397,0.09145402813660786,0.21053390690398788
V3,0.5103585409748715,0.7272688868076714,1.0,0.6697158459230101,0.24774701463070858,0.16125736791800516,0.06032596213570918,0.10872709285953164,0.22329883799161454
V4,0.3634138227966499,0.41034976563074177,0.6697158459230101,1.0,0.4754763569539281,0.37566186028413506,0.10358754548977922,0.17566829572991272,0.34959356378910944
PIT,0.15514685578407117,0.1462432262695914,0.24774701463070858,0.4754763569539281,1.0,0.3282826229458691,0.03185971351142136,0.08884337872370551,0.34308606765851546
PH,0.1416994292809166,0.09150405981851217,0.16125736791800516,0.37566186028413506,0.3282826229458691,1.0,0.05619245970803366,0.1579573039737725,0.4228573089004344
STSva,0.019447303867064836,0.04416468046822397,0.06032596213570918,0.10358754548977922,0.03185971351142136,0.05619245970803366,1.0,0.11275446480065976,-0.009961613367782451
MT,0.11165795958021951,0.09145402813660786,0.10872709285953164,0.17566829572991272,0.08884337872370551,0.1579573039737725,0.11275446480065976,1.0,0.07346864399198094
LO2,0.20212888320619216,0.21053390690398788,0.22329883799161454,0.34959356378910944,0.34308606765851546,0.4228573089004345,-0.009961613367782451,0.07346864399198094,1.0
