,V1,V2,V3,V4,PIT,PH,STSva,MT,LO2
V1,1.0,0.6896746196669185,0.5762550702436939,0.35338444309410355,0.22907432357189061,0.1341503194942324,0.09172544381357062,0.09045722195475003,0.23899940760379712
V2,0.6896746196669186,1.0,0.7059675062608861,0.4713374726676137,0.26196183550227636,0.1534809722439343,0.09515246133005362,0.0868440170472029,0.32279730266969153
V3,0.5762550702436939,0.7059675062608861,1.0,0.6955402329317424,0.2699192194141511,0.15136299674556097,0.06158309863988409,0.09648415855765746,0.26079460791006204
V4,0.35338444309410355,0.4713374726676136,0.6955402329317425,1.0,0.4448218927485976,0.2387518119367107,0.05893569580252922,0.15107291695439806,0.3585676294469511
PIT,0.22907432357189061,0.26196183550227636,0.2699192194141511,0.4448218927485976,1.0,0.24070460292652762,0.03172809430223489,0.09602846159828282,0.37663260945530164
PH,0.1341503194942324,0.1534809722439343,0.15136299674556097,0.2387518119367107,0.24070460292652762,1.0,0.053289210483684846,0.1637525384143661,0.38688703158678495
STSva,0.09172544381357062,0.09515246133005362,0.06158309863988409,0.05893569580252922,0.03172809430223489,0.053289210483684846,1.0,0.09833530080167319,0.05334982143901967
MT,0.09045722195475003,0.0868440170472029,0.09648415855765746,0.15107291695439806,0.09602846159828282,0.1637525384143661,0.09833530080167319,1.0,0.12337535860230875
LO2,0.23899940760379712,0.32279730266969153,0.2607946079100619,0.3585676294469511,0.37663260945530164,0.38688703158678495,0.05334982143901967,0.12337535860230875,1.0
