,V1,V2,V3,V4,PIT,PH,STSva,MT,LO2
V1,0.0,0.30200430575154236,0.4210468825966024,0.6261486344945185,0.7410783001590566,0.8347457494695345,0.9092928874733183,0.8449712155661938,0.7485202384259727
V2,0.30200430575154236,0.0,0.22672986616803148,0.4906426571200601,0.6726136433112306,0.8365773533968477,0.8652453771827411,0.7795487406193219,0.6619275449459792
V3,0.4210468825966025,0.22672986616803148,0.0,0.27378997270026206,0.5828184812251471,0.8010531386623505,0.9001411332531154,0.7631996290573227,0.5923009694153091
V4,0.6261486344945185,0.4906426571200601,0.27378997270026206,0.0,0.46652495394887,0.7032362345100539,0.9483658112218711,0.8147852571589886,0.46249488830676305
PIT,0.7410783001590566,0.6726136433112305,0.5828184812251471,0.46652495394887,0.0,0.7180896799471498,0.9651963307560631,0.851964482969042,0.44521839352561604
PH,0.8347457494695345,0.8365773533968477,0.8010531386623505,0.7032362345100539,0.7180896799471498,0.0,0.9435712003985944,0.8136081698483558,0.6222225085091087
STSva,0.9092928874733183,0.8652453771827411,0.9001411332531154,0.9483658112218711,0.9651963307560631,0.9435712003985944,0.0,0.907826191652981,0.9626501576331588
MT,0.8449712155661938,0.7795487406193219,0.7631996290573227,0.8147852571589886,0.8519644829690423,0.8136081698483558,0.907826191652981,0.0,0.7887750018132477
LO2,0.7485202384259727,0.6619275449459792,0.5923009694153091,0.46249488830676305,0.44521839352561604,0.6222225085091087,0.9626501576331588,0.7887750018132477,0.0
