{
  "subject": 1,
  "roi": "STSva",
  "n_nodes": 609,
  "strict_version": "STRICT2",
  "input_file": "D:\\Emily\\NSD_cogsci_sandbox\\COGS401\\COSYNE\\RDMs_Final\\subjects\\subj01\\ROI-STSva_crossnobis_STRICT2_sessionSplit_raw.npy",
  "shift_added_to_make_nonnegative": 4.448569179581238,
  "maxdist_thresh": null,
  "H0": {
    "n": 609,
    "n_finite": 608,
    "max_persistence": 3.6898207664489746,
    "median_persistence": 2.5845547914505005
  },
  "H1": {
    "n": 7887,
    "n_finite": 7887,
    "max_persistence": 2.4529436230659485,
    "median_persistence": 0.2752726078033447
  },
  "H2": {
    "n": 29326,
    "n_finite": 29326,
    "max_persistence": 0.8075895309448242,
    "median_persistence": 0.07774162292480469
  }
}