,V1,V2,V3,V4,PIT,PH,STSva,MT,LO2
V1,1.0,0.5968134151596258,0.5103148129025964,0.3472469423787061,0.27261313416223676,0.15113599877490003,0.03507942519553453,0.062350142334541725,0.2414856374422225
V2,0.5968134151596258,1.0,0.8782404179203926,0.4943122269497191,0.36549404294165155,0.11829900568094232,0.18186189346367976,0.26287121935938806,0.2872359395459194
V3,0.5103148129025964,0.8782404179203926,1.0,0.6622160422416712,0.4538575596917227,0.13819442916136948,0.15019738034581787,0.3338968384608223,0.40017206505609404
V4,0.3472469423787061,0.4943122269497191,0.6622160422416712,1.0,0.5251200163879703,0.236116549551471,0.02167721489813379,0.17806793831235912,0.5634227080404005
PIT,0.27261313416223676,0.36549404294165144,0.4538575596917227,0.5251200163879703,1.0,0.2807056000832483,0.014886488588915725,0.171569647876185,0.6975967301877884
PH,0.15113599877490003,0.11829900568094232,0.13819442916136948,0.236116549551471,0.2807056000832483,1.0,0.04645837084784332,0.21476637761901052,0.4213562983867021
STSva,0.03507942519553453,0.18186189346367987,0.15019738034581787,0.02167721489813379,0.014886488588915725,0.04645837084784332,1.0,0.12397865042817435,-0.0016030197745786623
MT,0.062350142334541725,0.26287121935938806,0.3338968384608223,0.17806793831235912,0.1715696478761849,0.21476637761901052,0.12397865042817435,1.0,0.23771174264662553
LO2,0.2414856374422225,0.2872359395459194,0.40017206505609404,0.5634227080404006,0.6975967301877883,0.4213562983867021,-0.0016030197745786623,0.23771174264662553,1.0
