cluster_id,hits,hit_rate,birth,death,persistence,robust
0,200,1.0,4.407888747848753,9.71979305954642,5.311904311697666,True
2,152,0.76,3.8634522389142942,9.545346835832218,5.681894596917924,False
1,83,0.415,4.894771918407462,9.967967475975415,5.073195557567955,False
3,6,0.03,5.281336724758148,10.128882050514221,4.847545325756073,False
