{
  "subject": 5,
  "roi": "V4",
  "n_nodes": 609,
  "strict_version": "STRICT2",
  "input_file": "D:\\Emily\\NSD_cogsci_sandbox\\COGS401\\COSYNE\\RDMs_Final\\subjects\\subj05\\ROI-V4_crossnobis_STRICT2_sessionSplit_raw.npy",
  "shift_added_to_make_nonnegative": 11.842426897095276,
  "maxdist_thresh": null,
  "H0": {
    "n": 609,
    "n_finite": 608,
    "max_persistence": 11.052200317382812,
    "median_persistence": 7.955674171447754
  },
  "H1": {
    "n": 12092,
    "n_finite": 12092,
    "max_persistence": 7.402438640594482,
    "median_persistence": 0.7353792190551758
  },
  "H2": {
    "n": 52637,
    "n_finite": 52637,
    "max_persistence": 1.3784637451171875,
    "median_persistence": 0.12622451782226562
  }
}