cluster_id,hits,hit_rate,birth,death,persistence,robust
1,194,0.97,4.709584606649153,7.467851995175724,2.758267388526571,True
2,170,0.85,4.24317060514938,7.434767745955046,3.191597140805666,True
0,157,0.785,5.164360534096385,7.68420203811571,2.519841504019324,True
4,53,0.265,4.495979293700187,7.8644214368635605,3.3684421431633735,True
6,35,0.175,5.538626410744407,7.924613987315785,2.385987576571378,True
5,4,0.02,4.27740752696991,7.805844783782959,3.5284372568130493,False
7,2,0.01,5.076290130615234,7.372056007385254,2.2957658767700195,False
3,1,0.005,4.0093607902526855,7.290970325469971,3.281609535217285,False
